/*
SQLyog Ultimate v9.50 
MySQL - 5.5.5-10.4.22-MariaDB : Database - topsis_laravel
*********************************************************************
*/

/*!40101 SET NAMES utf8 */;

/*!40101 SET SQL_MODE=''*/;

/*!40014 SET @OLD_UNIQUE_CHECKS=@@UNIQUE_CHECKS, UNIQUE_CHECKS=0 */;
/*!40014 SET @OLD_FOREIGN_KEY_CHECKS=@@FOREIGN_KEY_CHECKS, FOREIGN_KEY_CHECKS=0 */;
/*!40101 SET @OLD_SQL_MODE=@@SQL_MODE, SQL_MODE='NO_AUTO_VALUE_ON_ZERO' */;
/*!40111 SET @OLD_SQL_NOTES=@@SQL_NOTES, SQL_NOTES=0 */;
CREATE DATABASE /*!32312 IF NOT EXISTS*/`topsis_laravel` /*!40100 DEFAULT CHARACTER SET utf8mb4 */;

USE `topsis_laravel`;

/*Table structure for table `tb_alternatif` */

DROP TABLE IF EXISTS `tb_alternatif`;

CREATE TABLE `tb_alternatif` (
  `kode_alternatif` varchar(16) COLLATE utf8mb4_unicode_ci NOT NULL,
  `nama_alternatif` varchar(255) COLLATE utf8mb4_unicode_ci DEFAULT NULL,
  `keterangan` varchar(255) COLLATE utf8mb4_unicode_ci DEFAULT NULL,
  `total` double DEFAULT NULL,
  `rank` int(11) DEFAULT NULL,
  `created_at` timestamp NULL DEFAULT NULL,
  `updated_at` timestamp NULL DEFAULT NULL,
  PRIMARY KEY (`kode_alternatif`)
) ENGINE=InnoDB DEFAULT CHARSET=utf8mb4 COLLATE=utf8mb4_unicode_ci;

/*Data for the table `tb_alternatif` */

insert  into `tb_alternatif`(`kode_alternatif`,`nama_alternatif`,`keterangan`,`total`,`rank`,`created_at`,`updated_at`) values ('A001','AG',NULL,0.50040495084968,19,NULL,'2022-10-05 10:24:26'),('A002','AMR',NULL,0.88316841781663,5,NULL,'2022-10-05 10:24:26'),('A003','AFP',NULL,0.55608808924476,17,NULL,'2022-10-05 10:24:26'),('A004','AMS',NULL,0.058757141367284,36,NULL,'2022-10-05 10:24:26'),('A005','AZ',NULL,0.098294480487176,34,NULL,'2022-10-05 10:24:26'),('A006','AS',NULL,0.33547846671797,25,NULL,'2022-10-05 10:24:26'),('A007','APA',NULL,0.47255974798593,20,NULL,'2022-10-05 10:24:26'),('A008','AAB',NULL,0.77530494482283,9,NULL,'2022-10-05 10:24:26'),('A009','BK',NULL,0.14606130311181,32,NULL,'2022-10-05 10:24:26'),('A010','CL',NULL,0.95333151370382,2,NULL,'2022-10-05 10:24:26'),('A011','DN',NULL,0.7490711001233,10,NULL,'2022-10-05 10:24:26'),('A012','EN',NULL,0.69391263192061,12,NULL,'2022-10-05 10:24:26'),('A013','EWJ',NULL,0.96016813501574,1,NULL,'2022-10-05 10:24:26'),('A014','FAK',NULL,0.63912543288668,14,NULL,'2022-10-05 10:24:26'),('A015','FA',NULL,0.85442282112107,6,NULL,'2022-10-05 10:24:26'),('A016','HS',NULL,0.66602070721951,13,NULL,'2022-10-05 10:24:26'),('A017','IPS',NULL,0.72111528189341,11,NULL,'2022-10-05 10:24:26'),('A018','LA',NULL,0.1185068836652,33,NULL,'2022-10-05 10:24:26'),('A019','MATM',NULL,0.5835539595704,16,NULL,'2022-10-05 10:24:26'),('A020','MYB',NULL,0.80294032647156,8,NULL,'2022-10-05 10:24:26'),('A021','MBAN',NULL,0.36218068520631,24,NULL,'2022-10-05 10:24:26'),('A022','MFF',NULL,0.070103126286599,35,NULL,'2022-10-05 10:24:26'),('A023','MZF',NULL,0.2795123320369,27,NULL,'2022-10-05 10:24:26'),('A024','MAH',NULL,0.44565789574235,21,NULL,'2022-10-05 10:24:26'),('A025','MSS',NULL,0.17114622187868,31,NULL,'2022-10-05 10:24:26'),('A026','MSR',NULL,0.25260940562583,28,NULL,'2022-10-05 10:24:26'),('A027','NSB',NULL,0.83108367193054,7,NULL,'2022-10-05 10:24:26'),('A028','NA',NULL,0.22424774215969,29,NULL,'2022-10-05 10:24:26'),('A029','PA',NULL,0.38978905272236,23,NULL,'2022-10-05 10:24:26'),('A030','RDP',NULL,0.52800795463847,18,NULL,'2022-10-05 10:24:26'),('A031','RA',NULL,0.61098398028107,15,NULL,'2022-10-05 10:24:26'),('A032','RSKP',NULL,0.19733016617581,30,NULL,'2022-10-05 10:24:26'),('A033','RN',NULL,0.41807389477274,22,NULL,'2022-10-05 10:24:26'),('A034','SFH',NULL,0.90894834002115,4,NULL,'2022-10-05 10:24:26'),('A035','SM',NULL,0.30748299292124,26,NULL,'2022-10-05 10:24:26'),('A036','AHA',NULL,0.92734165343104,3,NULL,'2022-10-05 10:24:26'),('A037','MRF',NULL,0.047449273881422,37,NULL,'2022-10-05 10:24:26');

/*Table structure for table `tb_kriteria` */

DROP TABLE IF EXISTS `tb_kriteria`;

CREATE TABLE `tb_kriteria` (
  `kode_kriteria` varchar(16) COLLATE utf8mb4_unicode_ci NOT NULL,
  `nama_kriteria` varchar(255) COLLATE utf8mb4_unicode_ci DEFAULT NULL,
  `bobot` double DEFAULT NULL,
  `atribut` varchar(16) COLLATE utf8mb4_unicode_ci DEFAULT NULL,
  `created_at` timestamp NULL DEFAULT NULL,
  `updated_at` timestamp NULL DEFAULT NULL,
  PRIMARY KEY (`kode_kriteria`)
) ENGINE=InnoDB DEFAULT CHARSET=utf8mb4 COLLATE=utf8mb4_unicode_ci;

/*Data for the table `tb_kriteria` */

insert  into `tb_kriteria`(`kode_kriteria`,`nama_kriteria`,`bobot`,`atribut`,`created_at`,`updated_at`) values ('C01','Rerata Raport',1,'benefit','2022-04-08 07:21:02','2022-10-05 10:02:59'),('C02','Absen',2,'benefit','2022-04-08 07:21:32','2022-10-05 10:03:06'),('C03','Peringkat Kelas',3,'benefit','2022-04-08 07:23:50','2022-10-05 10:03:32'),('C04','Adab',1,'cost','2022-04-08 07:28:25','2022-10-05 10:04:17'),('C05','Eskul',2,'benefit','2022-04-08 07:28:36','2022-10-05 10:04:22'),('C06','Non Akademik',3,'benefit','2022-10-05 10:16:31','2022-10-05 10:16:31');

/*Table structure for table `tb_rel_alternatif` */

DROP TABLE IF EXISTS `tb_rel_alternatif`;

CREATE TABLE `tb_rel_alternatif` (
  `ID` bigint(20) unsigned NOT NULL AUTO_INCREMENT,
  `kode_alternatif` varchar(16) COLLATE utf8mb4_unicode_ci DEFAULT NULL,
  `kode_kriteria` varchar(16) COLLATE utf8mb4_unicode_ci DEFAULT NULL,
  `nilai` double DEFAULT NULL,
  `created_at` timestamp NULL DEFAULT NULL,
  `updated_at` timestamp NULL DEFAULT NULL,
  PRIMARY KEY (`ID`)
) ENGINE=InnoDB AUTO_INCREMENT=286 DEFAULT CHARSET=utf8mb4 COLLATE=utf8mb4_unicode_ci;

/*Data for the table `tb_rel_alternatif` */

insert  into `tb_rel_alternatif`(`ID`,`kode_alternatif`,`kode_kriteria`,`nilai`,`created_at`,`updated_at`) values (1,'A001','C01',83,NULL,NULL),(2,'A001','C02',83,NULL,NULL),(3,'A001','C03',19,NULL,NULL),(4,'A001','C04',83,NULL,NULL),(5,'A001','C05',84,NULL,NULL),(6,'A001','C06',84,NULL,NULL),(7,'A002','C01',82,NULL,NULL),(8,'A002','C02',82,NULL,NULL),(9,'A002','C03',33,NULL,NULL),(10,'A002','C04',82,NULL,NULL),(11,'A002','C05',82,NULL,NULL),(12,'A002','C06',83,NULL,NULL),(13,'A003','C01',83,NULL,NULL),(14,'A003','C02',86,NULL,NULL),(15,'A003','C03',21,NULL,NULL),(16,'A003','C04',82,NULL,NULL),(17,'A003','C05',84,NULL,NULL),(18,'A003','C06',83,NULL,NULL),(19,'A004','C01',85,NULL,NULL),(20,'A004','C02',86,NULL,NULL),(21,'A004','C03',2,NULL,NULL),(22,'A004','C04',84,NULL,NULL),(23,'A004','C05',86,NULL,NULL),(24,'A004','C06',84,NULL,NULL),(25,'A005','C01',84,NULL,NULL),(26,'A005','C02',85,NULL,NULL),(27,'A005','C03',4,NULL,NULL),(28,'A005','C04',84,NULL,NULL),(29,'A005','C05',86,NULL,NULL),(30,'A005','C06',85,NULL,NULL),(31,'A006','C01',83,NULL,NULL),(32,'A006','C02',84,NULL,NULL),(33,'A006','C03',13,NULL,NULL),(34,'A006','C04',83,NULL,NULL),(35,'A006','C05',84,NULL,NULL),(36,'A006','C06',85,NULL,NULL),(37,'A007','C01',83,NULL,NULL),(38,'A007','C02',82,NULL,NULL),(39,'A007','C03',18,NULL,NULL),(40,'A007','C04',83,NULL,NULL),(41,'A007','C05',84,NULL,NULL),(42,'A007','C06',84,NULL,NULL),(43,'A008','C01',82,NULL,NULL),(44,'A008','C02',82,NULL,NULL),(45,'A008','C03',29,NULL,NULL),(46,'A008','C04',82,NULL,NULL),(47,'A008','C05',82,NULL,NULL),(48,'A008','C06',83,NULL,NULL),(49,'A009','C01',84,NULL,NULL),(50,'A009','C02',86,NULL,NULL),(51,'A009','C03',6,NULL,NULL),(52,'A009','C04',83,NULL,NULL),(53,'A009','C05',84,NULL,NULL),(54,'A009','C06',84,NULL,NULL),(55,'A010','C01',82,NULL,NULL),(56,'A010','C02',82,NULL,NULL),(57,'A010','C03',36,NULL,NULL),(58,'A010','C04',82,NULL,NULL),(59,'A010','C05',82,NULL,NULL),(60,'A010','C06',83,NULL,NULL),(61,'A011','C01',83,NULL,NULL),(62,'A011','C02',83,NULL,NULL),(63,'A011','C03',28,NULL,NULL),(64,'A011','C04',83,NULL,NULL),(65,'A011','C05',84,NULL,NULL),(66,'A011','C06',84,NULL,NULL),(67,'A012','C01',83,NULL,NULL),(68,'A012','C02',84,NULL,NULL),(69,'A012','C03',26,NULL,NULL),(70,'A012','C04',83,NULL,NULL),(71,'A012','C05',84,NULL,NULL),(72,'A012','C06',83,NULL,NULL),(73,'A013','C01',81,NULL,NULL),(74,'A013','C02',82,NULL,NULL),(75,'A013','C03',37,NULL,NULL),(76,'A013','C04',80,NULL,NULL),(77,'A013','C05',81,NULL,NULL),(78,'A013','C06',83,NULL,NULL),(79,'A014','C01',83,NULL,NULL),(80,'A014','C02',85,NULL,NULL),(81,'A014','C03',24,NULL,NULL),(82,'A014','C04',82,NULL,NULL),(83,'A014','C05',84,NULL,NULL),(84,'A014','C06',84,NULL,NULL),(85,'A015','C01',83,NULL,NULL),(86,'A015','C02',79,NULL,NULL),(87,'A015','C03',32,NULL,NULL),(88,'A015','C04',83,NULL,NULL),(89,'A015','C05',84,NULL,NULL),(90,'A015','C06',83,NULL,NULL),(91,'A016','C01',83,NULL,NULL),(92,'A016','C02',83,NULL,NULL),(93,'A016','C03',25,NULL,NULL),(94,'A016','C04',83,NULL,NULL),(95,'A016','C05',84,NULL,NULL),(96,'A016','C06',83,NULL,NULL),(97,'A017','C01',83,NULL,NULL),(98,'A017','C02',84,NULL,NULL),(99,'A017','C03',27,NULL,NULL),(100,'A017','C04',83,NULL,NULL),(101,'A017','C05',82,NULL,NULL),(102,'A017','C06',83,NULL,NULL),(103,'A018','C01',84,NULL,NULL),(104,'A018','C02',85,NULL,NULL),(105,'A018','C03',5,NULL,NULL),(106,'A018','C04',84,NULL,NULL),(107,'A018','C05',85,NULL,NULL),(108,'A018','C06',83,NULL,NULL),(109,'A019','C01',83,NULL,NULL),(110,'A019','C02',83,NULL,NULL),(111,'A019','C03',22,NULL,NULL),(112,'A019','C04',83,NULL,NULL),(113,'A019','C05',84,NULL,NULL),(114,'A019','C06',85,NULL,NULL),(115,'A020','C01',83,NULL,NULL),(116,'A020','C02',82,NULL,NULL),(117,'A020','C03',30,NULL,NULL),(118,'A020','C04',83,NULL,NULL),(119,'A020','C05',83,NULL,NULL),(120,'A020','C06',83,NULL,NULL),(121,'A021','C01',83,NULL,NULL),(122,'A021','C02',84,NULL,NULL),(123,'A021','C03',14,NULL,NULL),(124,'A021','C04',83,NULL,NULL),(125,'A021','C05',84,NULL,NULL),(126,'A021','C06',83,NULL,NULL),(127,'A022','C01',85,NULL,NULL),(128,'A022','C02',85,NULL,NULL),(129,'A022','C03',3,NULL,NULL),(130,'A022','C04',84,NULL,NULL),(131,'A022','C05',85,NULL,NULL),(132,'A022','C06',83,NULL,NULL),(133,'A023','C01',83,NULL,NULL),(134,'A023','C02',84,NULL,NULL),(135,'A023','C03',11,NULL,NULL),(136,'A023','C04',83,NULL,NULL),(137,'A023','C05',84,NULL,NULL),(138,'A023','C06',83,NULL,NULL),(139,'A024','C01',83,NULL,NULL),(140,'A024','C02',84,NULL,NULL),(141,'A024','C03',17,NULL,NULL),(142,'A024','C04',83,NULL,NULL),(143,'A024','C05',84,NULL,NULL),(144,'A024','C06',85,NULL,NULL),(145,'A025','C01',84,NULL,NULL),(146,'A025','C02',84,NULL,NULL),(147,'A025','C03',7,NULL,NULL),(148,'A025','C04',83,NULL,NULL),(149,'A025','C05',84,NULL,NULL),(150,'A025','C06',84,NULL,NULL),(151,'A026','C01',83,NULL,NULL),(152,'A026','C02',84,NULL,NULL),(153,'A026','C03',10,NULL,NULL),(154,'A026','C04',83,NULL,NULL),(155,'A026','C05',84,NULL,NULL),(156,'A026','C06',84,NULL,NULL),(157,'A027','C01',82,NULL,NULL),(158,'A027','C02',83,NULL,NULL),(159,'A027','C03',31,NULL,NULL),(160,'A027','C04',82,NULL,NULL),(161,'A027','C05',84,NULL,NULL),(162,'A027','C06',83,NULL,NULL),(163,'A028','C01',83,NULL,NULL),(164,'A028','C02',83,NULL,NULL),(165,'A028','C03',9,NULL,NULL),(166,'A028','C04',83,NULL,NULL),(167,'A028','C05',84,NULL,NULL),(168,'A028','C06',83,NULL,NULL),(169,'A029','C01',83,NULL,NULL),(170,'A029','C02',84,NULL,NULL),(171,'A029','C03',15,NULL,NULL),(172,'A029','C04',83,NULL,NULL),(173,'A029','C05',84,NULL,NULL),(174,'A029','C06',83,NULL,NULL),(175,'A030','C01',83,NULL,NULL),(176,'A030','C02',84,NULL,NULL),(177,'A030','C03',20,NULL,NULL),(178,'A030','C04',83,NULL,NULL),(179,'A030','C05',84,NULL,NULL),(180,'A030','C06',83,NULL,NULL),(181,'A031','C01',83,NULL,NULL),(182,'A031','C02',84,NULL,NULL),(183,'A031','C03',23,NULL,NULL),(184,'A031','C04',83,NULL,NULL),(185,'A031','C05',84,NULL,NULL),(186,'A031','C06',83,NULL,NULL),(187,'A032','C01',83,NULL,NULL),(188,'A032','C02',84,NULL,NULL),(189,'A032','C03',8,NULL,NULL),(190,'A032','C04',83,NULL,NULL),(191,'A032','C05',84,NULL,NULL),(192,'A032','C06',83,NULL,NULL),(193,'A033','C01',83,NULL,NULL),(194,'A033','C02',84,NULL,NULL),(195,'A033','C03',16,NULL,NULL),(196,'A033','C04',83,NULL,NULL),(197,'A033','C05',84,NULL,NULL),(198,'A033','C06',85,NULL,NULL),(199,'A034','C01',82,NULL,NULL),(200,'A034','C02',82,NULL,NULL),(201,'A034','C03',34,NULL,NULL),(202,'A034','C04',82,NULL,NULL),(203,'A034','C05',82,NULL,NULL),(204,'A034','C06',83,NULL,NULL),(205,'A035','C01',83,NULL,NULL),(206,'A035','C02',84,NULL,NULL),(207,'A035','C03',12,NULL,NULL),(208,'A035','C04',83,NULL,NULL),(209,'A035','C05',84,NULL,NULL),(210,'A035','C06',84,NULL,NULL),(211,'A036','C01',82,NULL,NULL),(212,'A036','C02',86,NULL,NULL),(213,'A036','C03',35,NULL,NULL),(214,'A036','C04',84,NULL,NULL),(215,'A036','C05',80,NULL,NULL),(216,'A036','C06',80,NULL,NULL),(217,'A037','C01',83,NULL,NULL),(218,'A037','C02',88,NULL,NULL),(219,'A037','C03',1,NULL,NULL),(220,'A037','C04',84,NULL,NULL),(221,'A037','C05',85,NULL,NULL),(222,'A037','C06',80,NULL,NULL);

/*Table structure for table `tb_user` */

DROP TABLE IF EXISTS `tb_user`;

CREATE TABLE `tb_user` (
  `id_user` bigint(20) unsigned NOT NULL AUTO_INCREMENT,
  `nama_user` varchar(255) COLLATE utf8mb4_unicode_ci DEFAULT NULL,
  `username` varchar(255) COLLATE utf8mb4_unicode_ci NOT NULL,
  `password` varchar(255) COLLATE utf8mb4_unicode_ci DEFAULT NULL,
  `level` varchar(255) COLLATE utf8mb4_unicode_ci DEFAULT NULL,
  `status_user` int(11) DEFAULT NULL,
  `created_at` timestamp NULL DEFAULT NULL,
  `updated_at` timestamp NULL DEFAULT NULL,
  PRIMARY KEY (`id_user`),
  UNIQUE KEY `tb_user_username_unique` (`username`)
) ENGINE=InnoDB AUTO_INCREMENT=4 DEFAULT CHARSET=utf8mb4 COLLATE=utf8mb4_unicode_ci;

/*Data for the table `tb_user` */

insert  into `tb_user`(`id_user`,`nama_user`,`username`,`password`,`level`,`status_user`,`created_at`,`updated_at`) values (1,'Administrator','admin','$2y$10$mW/G0Z.cxywdZVS/vPECd.6iDdaWSKcZm/WBHFfi5j.4.3/K.oEwS','Admin',1,NULL,'2022-04-08 13:23:31'),(2,'Manager','manager','$2y$10$ZMqSBQmVbs/DqJLze1tXuu52zmKDCM53TWLT.7cZ5W7w3UDag94xi','Manager',1,NULL,NULL);

/*!40101 SET SQL_MODE=@OLD_SQL_MODE */;
/*!40014 SET FOREIGN_KEY_CHECKS=@OLD_FOREIGN_KEY_CHECKS */;
/*!40014 SET UNIQUE_CHECKS=@OLD_UNIQUE_CHECKS */;
/*!40111 SET SQL_NOTES=@OLD_SQL_NOTES */;
